"Profile","Id","Path","Slice Name","Alias(s)","Label","Min","Max","Must Support?","Is Modifier?","Is Summary?","Type(s)","Short","Definition","Comments","Requirements","Default Value","Meaning When Missing","Fixed Value","Pattern","Example","Minimum Value","Maximum Value","Maximum Length","Binding Strength","Binding Description","Binding Value Set","Code","Slicing Discriminator","Slicing Description","Slicing Ordered","Slicing Rules","Base Path","Base Min","Base Max","Condition(s)","Constraint(s)"
"no-basis-Appointment-new","Appointment","Appointment","","","",0,*,"","","","null {[]} {[]}
","A booking of a healthcare event among patient(s), practitioner(s), related person(s) and/or device(s) for a specific date/time. This may result in one or more Encounter(s)","A booking of a healthcare event among patient(s), practitioner(s), related person(s) and/or device(s) for a specific date/time. This may result in one or more Encounter(s).","","","","","","","","","",,,,,"",,,,"Appointment",0,*,"",""
"no-basis-Appointment-new","Appointment.id","Appointment.id","","","",0,1,"","","Y","id {[]} {[]}
","Logical id of this artifact","The logical id of the resource, as used in the URL for the resource. Once assigned, this value never changes.","The only time that a resource does not have an id is when it is being submitted to the server using a create operation.","","","","","","","","",,,,,"",,,,"Resource.id",0,1,"",""
"no-basis-Appointment-new","Appointment.meta","Appointment.meta","","","",0,1,"","","Y","Meta {[]} {[]}
","Metadata about the resource","The metadata about the resource. This is content that is maintained by the infrastructure. Changes to the content might not always be associated with version changes to the resource.","","","","","","","","","",,,,,"",,,,"Resource.meta",0,1,"","ele-1:All FHIR elements must have a @value or children {hasValue() or (children().count() > id.count())}
"
"no-basis-Appointment-new","Appointment.implicitRules","Appointment.implicitRules","","","",0,1,"","Y","Y","uri {[]} {[]}
","A set of rules under which this content was created","A reference to a set of rules that were followed when the resource was constructed, and which must be understood when processing the content. Often, this is a reference to an implementation guide that defines the special rules along with other profiles etc.","Asserting this rule set restricts the content to be only understood by a limited set of trading partners. This inherently limits the usefulness of the data in the long term. However, the existing health eco-system is highly fractured, and not yet ready to define, collect, and exchange data in a generally computable sense. Wherever possible, implementers and/or specification writers should avoid using this element. Often, when used, the URL is a reference to an implementation guide that defines these special rules as part of it's narrative along with other profiles, value sets, etc.","","","","","","","","",,,,,"",,,,"Resource.implicitRules",0,1,"","ele-1:All FHIR elements must have a @value or children {hasValue() or (children().count() > id.count())}
"
"no-basis-Appointment-new","Appointment.language","Appointment.language","","","",0,1,"","","","code {[]} {[]}
","Language of the resource content","The base language in which the resource is written.","Language is provided to support indexing and accessibility (typically, services such as text to speech use the language tag). The html language tag in the narrative applies  to the narrative. The language tag on the resource may be used to specify the language of other presentations generated from the data in the resource. Not all the content has to be in the base language. The Resource.language should not be assumed to apply to the narrative automatically. If a language is specified, it should it also be specified on the div element in the html (see rules in HTML5 for information about the relationship between xml:lang and the html lang attribute).","","","","","","","","",,"preferred","IETF language tag","http://hl7.org/fhir/ValueSet/languages","",,,,"Resource.language",0,1,"","ele-1:All FHIR elements must have a @value or children {hasValue() or (children().count() > id.count())}
"
"no-basis-Appointment-new","Appointment.text","Appointment.text","","narrative
htmlxhtmldisplay","",0,1,"","","","Narrative {[]} {[]}
","Text summary of the resource, for human interpretation","A human-readable narrative that contains a summary of the resource and can be used to represent the content of the resource to a human. The narrative need not encode all the structured data, but is required to contain sufficient detail to make it ""clinically safe"" for a human to just read the narrative. Resource definitions may define what content should be represented in the narrative to ensure clinical safety.","Contained resources do not have narrative. Resources that are not contained SHOULD have a narrative. In some cases, a resource may only have text with little or no additional discrete data (as long as all minOccurs=1 elements are satisfied).  This may be necessary for data from legacy systems where information is captured as a ""text blob"" or where text is additionally entered raw or narrated and encoded information is added later.","","","","","","","","",,,,,"",,,,"DomainResource.text",0,1,"","ele-1:All FHIR elements must have a @value or children {hasValue() or (children().count() > id.count())}
"
"no-basis-Appointment-new","Appointment.contained","Appointment.contained","","inline resources
anonymous resourcescontained resources","",0,*,"","","","Resource {[]} {[]}
","Contained, inline Resources","These resources do not have an independent existence apart from the resource that contains them - they cannot be identified independently, and nor can they have their own independent transaction scope.","This should never be done when the content can be identified properly, as once identification is lost, it is extremely difficult (and context dependent) to restore it again. Contained resources may have profiles and tags In their meta elements, but SHALL NOT have security labels.","","","","","","","","",,,,,"",,,,"DomainResource.contained",0,*,"","dom-r4b:Containing new R4B resources within R4 resources may cause interoperability issues if instances are shared with R4 systems {($this is Citation or $this is Evidence or $this is EvidenceReport or $this is EvidenceVariable or $this is MedicinalProductDefinition or $this is PackagedProductDefinition or $this is AdministrableProductDefinition or $this is Ingredient or $this is ClinicalUseDefinition or $this is RegulatedAuthorization or $this is SubstanceDefinition or $this is SubscriptionStatus or $this is SubscriptionTopic) implies (%resource is Citation or %resource is Evidence or %resource is EvidenceReport or %resource is EvidenceVariable or %resource is MedicinalProductDefinition or %resource is PackagedProductDefinition or %resource is AdministrableProductDefinition or %resource is Ingredient or %resource is ClinicalUseDefinition or %resource is RegulatedAuthorization or %resource is SubstanceDefinition or %resource is SubscriptionStatus or %resource is SubscriptionTopic)}
"
"no-basis-Appointment-new","Appointment.extension","Appointment.extension","","","",0,*,"","","","Extension {[]} {[]}
","Extension","An Extension","","","","","","","","","",,,,,"","value:url}
","",,"open","DomainResource.extension",0,*,"","ele-1:All FHIR elements must have a @value or children {hasValue() or (children().count() > id.count())}
ext-1:Must have either extensions or value[x], not both {extension.exists() != value.exists()}"
"no-basis-Appointment-new","Appointment.extension:virtualService","Appointment.extension","virtualService","","",0,*,"","","","Extension {[CanonicalType[http://example.org/StructureDefinition/no-basis-appointment/no-basis-virtualservice]]} {[]}
","Virtual Service ","The VirtualService structure defines details of a virtual communication capability, such as a web conference call.","","","","","","","","","",,,,,"",,,,"DomainResource.extension",0,*,"ele-1
","ele-1:All FHIR elements must have a @value or children unless an empty Parameters resource {hasValue() or (children().count() > id.count()) or $this is Parameters}
ext-1:Must have either extensions or value[x], not both {extension.exists() != value.exists()}"
"no-basis-Appointment-new","Appointment.extension:group","Appointment.extension","group","","",0,*,"","","","Extension {[CanonicalType[https://hl7.no/fhir/structuredefinition/no-basis-appointment/no-basis-group]]} {[]}
","no-basis-group","The appointment is a group session.","","","","","","","","","",,,,,"",,,,"DomainResource.extension",0,*,"ele-1
","ele-1:All FHIR elements must have a @value or children unless an empty Parameters resource {hasValue() or (children().count() > id.count()) or $this is Parameters}
ext-1:Must have either extensions or value[x], not both {extension.exists() != value.exists()}"
"no-basis-Appointment-new","Appointment.extension:partOf","Appointment.extension","partOf","","",0,1,"","","","Extension {[CanonicalType[https://hl7.no/fhir/structuredefinition/no-basis-appointment/no-basis-partof]]} {[]}
","no-basis-partof","This basis extension mirrors the Encounter.partOF-attribute. The partOf-attribute enables booking of a set of related appointments with a set of sub-appointments being linked to the main appointment in the same way as encounters are being linked. A larger appointment of which this particular appointment is a component or step.","","","","","","","","","",,,,,"",,,,"DomainResource.extension",0,*,"ele-1
","ele-1:All FHIR elements must have a @value or children unless an empty Parameters resource {hasValue() or (children().count() > id.count()) or $this is Parameters}
ext-1:Must have either extensions or value[x], not both {extension.exists() != value.exists()}"
"no-basis-Appointment-new","Appointment.extension:postponementReason","Appointment.extension","postponementReason","","",0,1,"","","","Extension {[CanonicalType[https://hl7.no/fhir/structuredefinition/no-basis-appointment/no-basis-postponementreason]]} {[]}
","no-basis-postponementreason","The reason code for the postponement.","","","","","","","","","",,,,,"",,,,"DomainResource.extension",0,*,"ele-1
","ele-1:All FHIR elements must have a @value or children unless an empty Parameters resource {hasValue() or (children().count() > id.count()) or $this is Parameters}
ext-1:Must have either extensions or value[x], not both {extension.exists() != value.exists()}"
"no-basis-Appointment-new","Appointment.modifierExtension","Appointment.modifierExtension","","extensions
user content","",0,*,"","Y","","Extension {[]} {[]}
","Extensions that cannot be ignored","May be used to represent additional information that is not part of the basic definition of the resource and that modifies the understanding of the element that contains it and/or the understanding of the containing element's descendants. Usually modifier elements provide negation or qualification. To make the use of extensions safe and manageable, there is a strict set of governance applied to the definition and use of extensions. Though any implementer is allowed to define an extension, there is a set of requirements that SHALL be met as part of the definition of the extension. Applications processing a resource are required to check for modifier extensions.

Modifier extensions SHALL NOT change the meaning of any elements on Resource or DomainResource (including cannot change the meaning of modifierExtension itself).","There can be no stigma associated with the use of extensions by any application, project, or standard - regardless of the institution or jurisdiction that uses or defines the extensions.  The use of extensions is what allows the FHIR specification to retain a core level of simplicity for everyone.","Modifier extensions allow for extensions that *cannot* be safely ignored to be clearly distinguished from the vast majority of extensions which can be safely ignored.  This promotes interoperability by eliminating the need for implementers to prohibit the presence of extensions. For further information, see the [definition of modifier extensions](http://hl7.org/fhir/R4B/extensibility.html#modifierExtension).","","","","","","","",,,,,"",,,,"DomainResource.modifierExtension",0,*,"","ele-1:All FHIR elements must have a @value or children {hasValue() or (children().count() > id.count())}
ext-1:Must have either extensions or value[x], not both {extension.exists() != value.exists()}"
"no-basis-Appointment-new","Appointment.identifier","Appointment.identifier","","","",0,*,"","","Y","Identifier {[]} {[]}
","External Ids for this item","This records identifiers associated with this appointment concern that are defined by business processes and/or used to refer to it when a direct URL reference to the resource itself is not appropriate (e.g. in CDA documents, or in written / printed documentation).","","","","","","","","","",,,,,"",,,,"Appointment.identifier",0,*,"","ele-1:All FHIR elements must have a @value or children {hasValue() or (children().count() > id.count())}
"
"no-basis-Appointment-new","Appointment.status","Appointment.status","","","",1,1,"","Y","Y","code {[]} {[]}
","proposed | pending | booked | arrived | fulfilled | cancelled | noshow | entered-in-error | checked-in | waitlist","The overall status of the Appointment. Each of the participants has their own participation status which indicates their involvement in the process, however this status indicates the shared status.","If the Appointment's status is ""cancelled"" then all participants are expected to have their calendars released for the appointment period, and as such any Slots that were marked as BUSY can be re-set to FREE.

This element is labeled as a modifier because the status contains the code entered-in-error that mark the Appointment as not currently valid.","","","","","","","","",,"required","The free/busy status of an appointment.","http://hl7.org/fhir/ValueSet/appointmentstatus|4.3.0","",,,,"Appointment.status",1,1,"","ele-1:All FHIR elements must have a @value or children {hasValue() or (children().count() > id.count())}
"
"no-basis-Appointment-new","Appointment.cancelationReason","Appointment.cancelationReason","","","",0,1,"","","Y","CodeableConcept {[]} {[]}
","The coded reason for the appointment being cancelled","The coded reason for the appointment being cancelled. This is often used in reporting/billing/futher processing to determine if further actions are required, or specific fees apply.","","","","","","","","","",,"example","","http://hl7.org/fhir/ValueSet/appointment-cancellation-reason","",,,,"Appointment.cancelationReason",0,1,"","ele-1:All FHIR elements must have a @value or children {hasValue() or (children().count() > id.count())}
"
"no-basis-Appointment-new","Appointment.cancelationReason.id","Appointment.cancelationReason.id","","","",0,1,"","","","id {[]} {[]}
","Unique id for inter-element referencing","Unique id for the element within a resource (for internal references). This may be any string value that does not contain spaces.","","","","","","","","","",,,,,"",,,,"Element.id",0,1,"",""
"no-basis-Appointment-new","Appointment.cancelationReason.extension","Appointment.cancelationReason.extension","","extensions
user content","",0,*,"","","","Extension {[]} {[]}
","Additional content defined by implementations","May be used to represent additional information that is not part of the basic definition of the element. To make the use of extensions safe and manageable, there is a strict set of governance  applied to the definition and use of extensions. Though any implementer can define an extension, there is a set of requirements that SHALL be met as part of the definition of the extension.","There can be no stigma associated with the use of extensions by any application, project, or standard - regardless of the institution or jurisdiction that uses or defines the extensions.  The use of extensions is what allows the FHIR specification to retain a core level of simplicity for everyone.","","","","","","","","",,,,,"","value:url}
","Extensions are always sliced by (at least) url",,"open","Element.extension",0,*,"","ele-1:All FHIR elements must have a @value or children {hasValue() or (children().count() > id.count())}
ext-1:Must have either extensions or value[x], not both {extension.exists() != value.exists()}"
"no-basis-Appointment-new","Appointment.cancelationReason.coding","Appointment.cancelationReason.coding","","","",0,*,"","","Y","Coding {[]} {[]}
","Code defined by a terminology system","A reference to a code defined by a terminology system.","Codes may be defined very casually in enumerations, or code lists, up to very formal definitions such as SNOMED CT - see the HL7 v3 Core Principles for more information.  Ordering of codings is undefined and SHALL NOT be used to infer meaning. Generally, at most only one of the coding values will be labeled as UserSelected = true.","Allows for alternative encodings within a code system, and translations to other code systems.","","","","","","","",,"preferred","","urn:oid:2.16.578.1.12.4.1.1.8445","",,,,"CodeableConcept.coding",0,*,"","ele-1:All FHIR elements must have a @value or children {hasValue() or (children().count() > id.count())}
"
"no-basis-Appointment-new","Appointment.cancelationReason.text","Appointment.cancelationReason.text","","","",0,1,"","","Y","string {[]} {[]}
","Plain text representation of the concept","A human language representation of the concept as seen/selected/uttered by the user who entered the data and/or which represents the intended meaning of the user.","Very often the text is the same as a displayName of one of the codings.","The codes from the terminologies do not always capture the correct meaning with all the nuances of the human using them, or sometimes there is no appropriate code at all. In these cases, the text is used to capture the full meaning of the source.","","","","","","","",,,,,"",,,,"CodeableConcept.text",0,1,"","ele-1:All FHIR elements must have a @value or children {hasValue() or (children().count() > id.count())}
"
"no-basis-Appointment-new","Appointment.serviceCategory","Appointment.serviceCategory","","","",0,*,"","","Y","CodeableConcept {[]} {[]}
","A broad categorization of the service that is to be performed during this appointment","A broad categorization of the service that is to be performed during this appointment.","","","","","","","","","",,"example","","http://hl7.org/fhir/ValueSet/service-category","",,,,"Appointment.serviceCategory",0,*,"","ele-1:All FHIR elements must have a @value or children {hasValue() or (children().count() > id.count())}
"
"no-basis-Appointment-new","Appointment.serviceType","Appointment.serviceType","","","",0,*,"","","Y","CodeableConcept {[]} {[]}
","The specific service that is to be performed during this appointment","The specific service that is to be performed during this appointment.","For a provider to provider appointment the code ""FOLLOWUP"" may be appropriate, as this is expected to be discussing some patient that was seen in the past.","","","","","","","","",,"example","","http://hl7.org/fhir/ValueSet/service-type","",,,,"Appointment.serviceType",0,*,"","ele-1:All FHIR elements must have a @value or children {hasValue() or (children().count() > id.count())}
"
"no-basis-Appointment-new","Appointment.specialty","Appointment.specialty","","","",0,*,"","","Y","CodeableConcept {[]} {[]}
","The specialty of a practitioner that would be required to perform the service requested in this appointment","The specialty of a practitioner that would be required to perform the service requested in this appointment.","","","","","","","","","",,"preferred","","http://hl7.org/fhir/ValueSet/c80-practice-codes","",,,,"Appointment.specialty",0,*,"","ele-1:All FHIR elements must have a @value or children {hasValue() or (children().count() > id.count())}
"
"no-basis-Appointment-new","Appointment.appointmentType","Appointment.appointmentType","","","",0,1,"","","Y","CodeableConcept {[]} {[]}
","The style of appointment or patient that has been booked in the slot (not service type)","The style of appointment or patient that has been booked in the slot (not service type).","","","","","","","","","",,"preferred","","http://terminology.hl7.org/ValueSet/v2-0276","",,,,"Appointment.appointmentType",0,1,"","ele-1:All FHIR elements must have a @value or children {hasValue() or (children().count() > id.count())}
"
"no-basis-Appointment-new","Appointment.appointmentType.id","Appointment.appointmentType.id","","","",0,1,"","","","id {[]} {[]}
","Unique id for inter-element referencing","Unique id for the element within a resource (for internal references). This may be any string value that does not contain spaces.","","","","","","","","","",,,,,"",,,,"Element.id",0,1,"",""
"no-basis-Appointment-new","Appointment.appointmentType.extension","Appointment.appointmentType.extension","","extensions
user content","",0,*,"","","","Extension {[]} {[]}
","Additional content defined by implementations","May be used to represent additional information that is not part of the basic definition of the element. To make the use of extensions safe and manageable, there is a strict set of governance  applied to the definition and use of extensions. Though any implementer can define an extension, there is a set of requirements that SHALL be met as part of the definition of the extension.","There can be no stigma associated with the use of extensions by any application, project, or standard - regardless of the institution or jurisdiction that uses or defines the extensions.  The use of extensions is what allows the FHIR specification to retain a core level of simplicity for everyone.","","","","","","","","",,,,,"","value:url}
","Extensions are always sliced by (at least) url",,"open","Element.extension",0,*,"","ele-1:All FHIR elements must have a @value or children {hasValue() or (children().count() > id.count())}
ext-1:Must have either extensions or value[x], not both {extension.exists() != value.exists()}"
"no-basis-Appointment-new","Appointment.appointmentType.coding","Appointment.appointmentType.coding","","","",0,*,"","","Y","Coding {[]} {[]}
","Code defined by a terminology system","A reference to a code defined by a terminology system.","Codes may be defined very casually in enumerations, or code lists, up to very formal definitions such as SNOMED CT - see the HL7 v3 Core Principles for more information.  Ordering of codings is undefined and SHALL NOT be used to infer meaning. Generally, at most only one of the coding values will be labeled as UserSelected = true.","Allows for alternative encodings within a code system, and translations to other code systems.","","","","","","","",,,,,"","value:$this}
","",,"closed","CodeableConcept.coding",0,*,"","ele-1:All FHIR elements must have a @value or children {hasValue() or (children().count() > id.count())}
"
"no-basis-Appointment-new","Appointment.appointmentType.coding:omsorgsNiva","Appointment.appointmentType.coding","omsorgsNiva","","",0,1,"","","Y","Coding {[]} {[]}
","Volven 8406","Volven 8406","Codes may be defined very casually in enumerations, or code lists, up to very formal definitions such as SNOMED CT - see the HL7 v3 Core Principles for more information.  Ordering of codings is undefined and SHALL NOT be used to infer meaning. Generally, at most only one of the coding values will be labeled as UserSelected = true.","Allows for alternative encodings within a code system, and translations to other code systems.","","","","","","","",,"extensible","Volven","urn:oid:2.16.578.1.12.4.1.1.8406","",,,,"CodeableConcept.coding",0,*,"","ele-1:All FHIR elements must have a @value or children {hasValue() or (children().count() > id.count())}
"
"no-basis-Appointment-new","Appointment.appointmentType.coding:kontaktType","Appointment.appointmentType.coding","kontaktType","","",0,1,"","","Y","Coding {[]} {[]}
","Volven 8432","Volven 8432","Codes may be defined very casually in enumerations, or code lists, up to very formal definitions such as SNOMED CT - see the HL7 v3 Core Principles for more information.  Ordering of codings is undefined and SHALL NOT be used to infer meaning. Generally, at most only one of the coding values will be labeled as UserSelected = true.","Allows for alternative encodings within a code system, and translations to other code systems.","","","","","","","",,"extensible","Volven","urn:oid:2.16.578.1.12.4.1.1.8432","",,,,"CodeableConcept.coding",0,*,"","ele-1:All FHIR elements must have a @value or children {hasValue() or (children().count() > id.count())}
"
"no-basis-Appointment-new","Appointment.appointmentType.coding:innbygger","Appointment.appointmentType.coding","innbygger","","",0,1,"","","Y","Coding {[]} {[]}
","Volven 7617","Volven 7617","Codes may be defined very casually in enumerations, or code lists, up to very formal definitions such as SNOMED CT - see the HL7 v3 Core Principles for more information.  Ordering of codings is undefined and SHALL NOT be used to infer meaning. Generally, at most only one of the coding values will be labeled as UserSelected = true.","Allows for alternative encodings within a code system, and translations to other code systems.","","","","","","","",,"extensible","Volven","urn:oid:2.16.578.1.12.4.1.1.7617","",,,,"CodeableConcept.coding",0,*,"","ele-1:All FHIR elements must have a @value or children {hasValue() or (children().count() > id.count())}
"
"no-basis-Appointment-new","Appointment.appointmentType.text","Appointment.appointmentType.text","","","",0,1,"","","Y","string {[]} {[]}
","Plain text representation of the concept","A human language representation of the concept as seen/selected/uttered by the user who entered the data and/or which represents the intended meaning of the user.","Very often the text is the same as a displayName of one of the codings.","The codes from the terminologies do not always capture the correct meaning with all the nuances of the human using them, or sometimes there is no appropriate code at all. In these cases, the text is used to capture the full meaning of the source.","","","","","","","",,,,,"",,,,"CodeableConcept.text",0,1,"","ele-1:All FHIR elements must have a @value or children {hasValue() or (children().count() > id.count())}
"
"no-basis-Appointment-new","Appointment.reasonCode","Appointment.reasonCode","","","",0,*,"","","Y","CodeableConcept {[]} {[]}
","Coded reason this appointment is scheduled","The coded reason that this appointment is being scheduled. This is more clinical than administrative.","","","","","","","","","",,"preferred","The Reason for the appointment to take place.","http://hl7.org/fhir/ValueSet/encounter-reason","",,,,"Appointment.reasonCode",0,*,"","ele-1:All FHIR elements must have a @value or children {hasValue() or (children().count() > id.count())}
"
"no-basis-Appointment-new","Appointment.reasonReference","Appointment.reasonReference","","","",0,*,"","","","Reference {[]} {[CanonicalType[http://hl7.org/fhir/StructureDefinition/Condition], CanonicalType[http://hl7.org/fhir/StructureDefinition/Procedure], CanonicalType[http://hl7.org/fhir/StructureDefinition/Observation], CanonicalType[http://hl7.org/fhir/StructureDefinition/ImmunizationRecommendation]]}
","Reason the appointment is to take place (resource)","Reason the appointment has been scheduled to take place, as specified using information from another resource. When the patient arrives and the encounter begins it may be used as the admission diagnosis. The indication will typically be a Condition (with other resources referenced in the evidence.detail), or a Procedure.","","","","","","","","","",,,,,"",,,,"Appointment.reasonReference",0,*,"","ele-1:All FHIR elements must have a @value or children {hasValue() or (children().count() > id.count())}
"
"no-basis-Appointment-new","Appointment.priority","Appointment.priority","","","",0,1,"","","","unsignedInt {[]} {[]}
","Used to make informed decisions if needing to re-prioritize","The priority of the appointment. Can be used to make informed decisions if needing to re-prioritize appointments. (The iCal Standard specifies 0 as undefined, 1 as highest, 9 as lowest priority).","Seeking implementer feedback on this property and how interoperable it is.Using an extension to record a CodeableConcept for named values may be tested at a future connectathon.","","","","","","","","",,,,,"",,,,"Appointment.priority",0,1,"","ele-1:All FHIR elements must have a @value or children {hasValue() or (children().count() > id.count())}
"
"no-basis-Appointment-new","Appointment.description","Appointment.description","","","",0,1,"","","","string {[]} {[]}
","Shown on a subject line in a meeting request, or appointment list","The brief description of the appointment as would be shown on a subject line in a meeting request, or appointment list. Detailed or expanded information should be put in the comment field.","","","","","","","","","",,,,,"",,,,"Appointment.description",0,1,"","ele-1:All FHIR elements must have a @value or children {hasValue() or (children().count() > id.count())}
"
"no-basis-Appointment-new","Appointment.supportingInformation","Appointment.supportingInformation","","","",0,*,"","","","Reference {[]} {[CanonicalType[http://hl7.org/fhir/StructureDefinition/Resource]]}
","Additional information to support the appointment","Additional information to support the appointment provided when making the appointment.","","","","","","","","","",,,,,"",,,,"Appointment.supportingInformation",0,*,"","ele-1:All FHIR elements must have a @value or children {hasValue() or (children().count() > id.count())}
"
"no-basis-Appointment-new","Appointment.start","Appointment.start","","","",0,1,"","","Y","instant {[]} {[]}
","When appointment is to take place","Date/Time that the appointment is to take place.","","","","","","","","","",,,,,"",,,,"Appointment.start",0,1,"","ele-1:All FHIR elements must have a @value or children {hasValue() or (children().count() > id.count())}
"
"no-basis-Appointment-new","Appointment.end","Appointment.end","","","",0,1,"","","Y","instant {[]} {[]}
","When appointment is to conclude","Date/Time that the appointment is to conclude.","","","","","","","","","",,,,,"",,,,"Appointment.end",0,1,"","ele-1:All FHIR elements must have a @value or children {hasValue() or (children().count() > id.count())}
"
"no-basis-Appointment-new","Appointment.minutesDuration","Appointment.minutesDuration","","","",0,1,"","","","positiveInt {[]} {[]}
","Can be less than start/end (e.g. estimate)","Number of minutes that the appointment is to take. This can be less than the duration between the start and end times.  For example, where the actual time of appointment is only an estimate or if a 30 minute appointment is being requested, but any time would work.  Also, if there is, for example, a planned 15 minute break in the middle of a long appointment, the duration may be 15 minutes less than the difference between the start and end.","","","","","","","","","",,,,,"",,,,"Appointment.minutesDuration",0,1,"","ele-1:All FHIR elements must have a @value or children {hasValue() or (children().count() > id.count())}
"
"no-basis-Appointment-new","Appointment.slot","Appointment.slot","","","",0,*,"","","","Reference {[]} {[CanonicalType[http://hl7.org/fhir/StructureDefinition/Slot]]}
","The slots that this appointment is filling","The slots from the participants' schedules that will be filled by the appointment.","","","","","","","","","",,,,,"",,,,"Appointment.slot",0,*,"","ele-1:All FHIR elements must have a @value or children {hasValue() or (children().count() > id.count())}
"
"no-basis-Appointment-new","Appointment.created","Appointment.created","","","",0,1,"","","","dateTime {[]} {[]}
","The date that this appointment was initially created","The date that this appointment was initially created. This could be different to the meta.lastModified value on the initial entry, as this could have been before the resource was created on the FHIR server, and should remain unchanged over the lifespan of the appointment.","This property is required for many use cases where the age of an appointment is considered in processing workflows for scheduling and billing of appointments.","","","","","","","","",,,,,"",,,,"Appointment.created",0,1,"","ele-1:All FHIR elements must have a @value or children {hasValue() or (children().count() > id.count())}
"
"no-basis-Appointment-new","Appointment.comment","Appointment.comment","","","",0,1,"","","","string {[]} {[]}
","Additional comments","Additional comments about the appointment.","Additional text to aid in facilitating the appointment. For instance, a comment might be, ""patient should proceed immediately to infusion room upon arrival""Where this is a planned appointment and the start/end dates are not set then this field can be used to provide additional guidance on the details of the appointment request, including any restrictions on when to book it.","","","","","","","","",,,,,"",,,,"Appointment.comment",0,1,"","ele-1:All FHIR elements must have a @value or children {hasValue() or (children().count() > id.count())}
"
"no-basis-Appointment-new","Appointment.patientInstruction","Appointment.patientInstruction","","","",0,1,"","","","string {[]} {[]}
","Detailed information and instructions for the patient","While Appointment.comment contains information for internal use, Appointment.patientInstructions is used to capture patient facing information about the Appointment (e.g. please bring your referral or fast from 8pm night before).","","","","","","","","","",,,,,"",,,,"Appointment.patientInstruction",0,1,"","ele-1:All FHIR elements must have a @value or children {hasValue() or (children().count() > id.count())}
"
"no-basis-Appointment-new","Appointment.basedOn","Appointment.basedOn","","incomingReferral
","",0,*,"","","","Reference {[]} {[CanonicalType[http://hl7.org/fhir/StructureDefinition/ServiceRequest]]}
","The service request this appointment is allocated to assess","The service request this appointment is allocated to assess (e.g. incoming referral or procedure request).","","","","","","","","","",,,,,"",,,,"Appointment.basedOn",0,*,"","ele-1:All FHIR elements must have a @value or children {hasValue() or (children().count() > id.count())}
"
"no-basis-Appointment-new","Appointment.participant","Appointment.participant","","","",1,*,"","","","BackboneElement {[]} {[]}
","Participants involved in appointment","List of participants involved in the appointment.","","","","","","","","","",,,,,"",,,,"Appointment.participant",1,*,"","app-1:Either the type or actor on the participant SHALL be specified {type.exists() or actor.exists()}
ele-1:All FHIR elements must have a @value or children unless an empty Parameters resource {hasValue() or (children().count() > id.count()) or $this is Parameters}"
"no-basis-Appointment-new","Appointment.participant.id","Appointment.participant.id","","","",0,1,"","","","string {[]} {[]}
","Unique id for inter-element referencing","Unique id for the element within a resource (for internal references). This may be any string value that does not contain spaces.","","","","","","","","","",,,,,"",,,,"Element.id",0,1,"",""
"no-basis-Appointment-new","Appointment.participant.extension","Appointment.participant.extension","","extensions
user content","",0,*,"","","","Extension {[]} {[]}
","Additional content defined by implementations","May be used to represent additional information that is not part of the basic definition of the element. To make the use of extensions safe and manageable, there is a strict set of governance  applied to the definition and use of extensions. Though any implementer can define an extension, there is a set of requirements that SHALL be met as part of the definition of the extension.","There can be no stigma associated with the use of extensions by any application, project, or standard - regardless of the institution or jurisdiction that uses or defines the extensions.  The use of extensions is what allows the FHIR specification to retain a core level of simplicity for everyone.","","","","","","","","",,,,,"",,,,"Element.extension",0,*,"","ele-1:All FHIR elements must have a @value or children {hasValue() or (children().count() > id.count())}
ext-1:Must have either extensions or value[x], not both {extension.exists() != value.exists()}"
"no-basis-Appointment-new","Appointment.participant.modifierExtension","Appointment.participant.modifierExtension","","extensions
user contentmodifiers","",0,*,"","Y","Y","Extension {[]} {[]}
","Extensions that cannot be ignored even if unrecognized","May be used to represent additional information that is not part of the basic definition of the element and that modifies the understanding of the element in which it is contained and/or the understanding of the containing element's descendants. Usually modifier elements provide negation or qualification. To make the use of extensions safe and manageable, there is a strict set of governance applied to the definition and use of extensions. Though any implementer can define an extension, there is a set of requirements that SHALL be met as part of the definition of the extension. Applications processing a resource are required to check for modifier extensions.

Modifier extensions SHALL NOT change the meaning of any elements on Resource or DomainResource (including cannot change the meaning of modifierExtension itself).","There can be no stigma associated with the use of extensions by any application, project, or standard - regardless of the institution or jurisdiction that uses or defines the extensions.  The use of extensions is what allows the FHIR specification to retain a core level of simplicity for everyone.","Modifier extensions allow for extensions that *cannot* be safely ignored to be clearly distinguished from the vast majority of extensions which can be safely ignored.  This promotes interoperability by eliminating the need for implementers to prohibit the presence of extensions. For further information, see the [definition of modifier extensions](http://hl7.org/fhir/R4B/extensibility.html#modifierExtension).","","","","","","","",,,,,"",,,,"BackboneElement.modifierExtension",0,*,"","ele-1:All FHIR elements must have a @value or children {hasValue() or (children().count() > id.count())}
ext-1:Must have either extensions or value[x], not both {extension.exists() != value.exists()}"
"no-basis-Appointment-new","Appointment.participant.type","Appointment.participant.type","","","",0,*,"","","Y","CodeableConcept {[]} {[]}
","Role of participant in the appointment","Role of participant in the appointment.","The role of the participant can be used to declare what the actor will be doing in the scope of this appointment.If the actor is not specified, then it is expected that the actor will be filled in at a later stage of planning.This value SHALL be the same when creating an AppointmentResponse so that they can be matched, and subsequently update the Appointment.","","","","","","","","",,"extensible","Role of participant in encounter.","http://hl7.org/fhir/ValueSet/encounter-participant-type","",,,,"Appointment.participant.type",0,*,"","ele-1:All FHIR elements must have a @value or children {hasValue() or (children().count() > id.count())}
"
"no-basis-Appointment-new","Appointment.participant.actor","Appointment.participant.actor","","","",0,1,"","","Y","Reference {[]} {[CanonicalType[http://hl7.org/fhir/StructureDefinition/Patient], CanonicalType[http://hl7.org/fhir/StructureDefinition/Practitioner], CanonicalType[http://hl7.org/fhir/StructureDefinition/PractitionerRole], CanonicalType[http://hl7.org/fhir/StructureDefinition/RelatedPerson], CanonicalType[http://hl7.org/fhir/StructureDefinition/Device], CanonicalType[http://hl7.org/fhir/StructureDefinition/HealthcareService], CanonicalType[http://hl7.org/fhir/StructureDefinition/Location]]}
","Person, Location/HealthcareService or Device","A Person, Location/HealthcareService or Device that is participating in the appointment.","","","","","","","","","",,,,,"",,,,"Appointment.participant.actor",0,1,"","ele-1:All FHIR elements must have a @value or children {hasValue() or (children().count() > id.count())}
"
"no-basis-Appointment-new","Appointment.participant.required","Appointment.participant.required","","","",0,1,"","","Y","code {[]} {[]}
","required | optional | information-only","Whether this participant is required to be present at the meeting. This covers a use-case where two doctors need to meet to discuss the results for a specific patient, and the patient is not required to be present.","","","","","","","","","",,"required","Is the Participant required to attend the appointment.","http://hl7.org/fhir/ValueSet/participantrequired|4.3.0","",,,,"Appointment.participant.required",0,1,"","ele-1:All FHIR elements must have a @value or children {hasValue() or (children().count() > id.count())}
"
"no-basis-Appointment-new","Appointment.participant.status","Appointment.participant.status","","","",1,1,"","","Y","code {[]} {[]}
","accepted | declined | tentative | needs-action","Participation status of the actor.","","","","","","","","","",,"required","The Participation status of an appointment.","http://hl7.org/fhir/ValueSet/participationstatus|4.3.0","",,,,"Appointment.participant.status",1,1,"","ele-1:All FHIR elements must have a @value or children {hasValue() or (children().count() > id.count())}
"
"no-basis-Appointment-new","Appointment.participant.period","Appointment.participant.period","","","",0,1,"","","","Period {[]} {[]}
","Participation period of the actor","Participation period of the actor.","","","","","","","","","",,,,,"",,,,"Appointment.participant.period",0,1,"","ele-1:All FHIR elements must have a @value or children {hasValue() or (children().count() > id.count())}
"
"no-basis-Appointment-new","Appointment.requestedPeriod","Appointment.requestedPeriod","","","",0,*,"","","","Period {[]} {[]}
","Potential date/time interval(s) requested to allocate the appointment within","A set of date ranges (potentially including times) that the appointment is preferred to be scheduled within.

The duration (usually in minutes) could also be provided to indicate the length of the appointment to fill and populate the start/end times for the actual allocated time. However, in other situations the duration may be calculated by the scheduling system.","This does not introduce a capacity for recurring appointments.","","","","","","","","",,,,,"",,,,"Appointment.requestedPeriod",0,*,"","ele-1:All FHIR elements must have a @value or children {hasValue() or (children().count() > id.count())}
"
"no-basis-group","Extension","Extension","","","",0,1,"","","","null {[]} {[]}
","no-basis-group","The appointment is a group session.","","","","","","","","","",,,,,"",,,,"Extension",0,*,"ele-1
",""
"no-basis-group","Extension.id","Extension.id","","","",0,1,"","","","id {[]} {[]}
","Unique id for inter-element referencing","Unique id for the element within a resource (for internal references). This may be any string value that does not contain spaces.","","","","","","","","","",,,,,"",,,,"Element.id",0,1,"",""
"no-basis-group","Extension.extension","Extension.extension","","","",0,0,"","","","Extension {[]} {[]}
","Extension","An Extension","","","","","","","","","",,,,,"","value:url}
","Extensions are always sliced by (at least) url",,"open","Element.extension",0,*,"","ele-1:All FHIR elements must have a @value or children {hasValue() or (children().count() > id.count())}
ext-1:Must have either extensions or value[x], not both {extension.exists() != value.exists()}"
"no-basis-group","Extension.url","Extension.url","","","",1,1,"","","","uri {[]} {[]}
","identifies the meaning of the extension","Source of the definition for the extension code - a logical name or a URL.","The definition may point directly to a computable or human-readable definition of the extensibility codes, or it may be a logical URI as declared in some other specification. The definition SHALL be a URI for the Structure Definition defining the extension.","","","","<valueUri xmlns=""http://hl7.org/fhir"" value=""https://hl7.no/fhir/structuredefinition/no-basis-appointment/no-basis-group""/>","","","","",,,,,"",,,,"Extension.url",1,1,"",""
"no-basis-group","Extension.value[x]","Extension.value[x]","","","",0,1,"","","","boolean {[]} {[]}
","The appointment is a group session.","Value of extension - must be one of a constrained set of the data types (see [Extensibility](http://hl7.org/fhir/R4B/extensibility.html) for a list).","","","","","","","","","",,,,,"",,,,"Extension.value[x]",0,1,"","ele-1:All FHIR elements must have a @value or children {hasValue() or (children().count() > id.count())}
"
"no-basis-partof","Extension","Extension","","","",0,*,"","","","null {[]} {[]}
","no-basis-partof","This basis extension mirrors the Encounter.partOF-attribute. The partOf-attribute enables booking of a set of related appointments with a set of sub-appointments being linked to the main appointment in the same way as encounters are being linked. A larger appointment of which this particular appointment is a component or step.","","","","","","","","","",,,,,"",,,,"Extension",0,*,"ele-1
",""
"no-basis-partof","Extension.id","Extension.id","","","",0,1,"","","","id {[]} {[]}
","Unique id for inter-element referencing","Unique id for the element within a resource (for internal references). This may be any string value that does not contain spaces.","","","","","","","","","",,,,,"",,,,"Element.id",0,1,"",""
"no-basis-partof","Extension.extension","Extension.extension","","","",0,0,"","","","Extension {[]} {[]}
","Extension","An Extension","","","","","","","","","",,,,,"","value:url}
","Extensions are always sliced by (at least) url",,"open","Element.extension",0,*,"","ele-1:All FHIR elements must have a @value or children {hasValue() or (children().count() > id.count())}
ext-1:Must have either extensions or value[x], not both {extension.exists() != value.exists()}"
"no-basis-partof","Extension.url","Extension.url","","","",1,1,"","","","uri {[]} {[]}
","identifies the meaning of the extension","Source of the definition for the extension code - a logical name or a URL.","The definition may point directly to a computable or human-readable definition of the extensibility codes, or it may be a logical URI as declared in some other specification. The definition SHALL be a URI for the Structure Definition defining the extension.","","","","<valueUri xmlns=""http://hl7.org/fhir"" value=""https://hl7.no/fhir/structuredefinition/no-basis-appointment/no-basis-partof""/>","","","","",,,,,"",,,,"Extension.url",1,1,"",""
"no-basis-partof","Extension.value[x]","Extension.value[x]","","","",0,1,"","","","Reference {[]} {[CanonicalType[http://example.org/StructureDefinition/no-basis-Appointment-new]]}
","Appoinment partOf structure.","A larger appointment of which this particular appointment is a component or step.","","","","","","","","","",,,,,"",,,,"Extension.value[x]",0,1,"","ele-1:All FHIR elements must have a @value or children {hasValue() or (children().count() > id.count())}
"
"no-basis-postponementreason","Extension","Extension","","","",0,*,"","","","null {[]} {[]}
","no-basis-postponementreason","The reason code for the postponement.","","","","","","","","","",,,,,"",,,,"Extension",0,*,"ele-1
",""
"no-basis-postponementreason","Extension.id","Extension.id","","","",0,1,"","","","id {[]} {[]}
","Unique id for inter-element referencing","Unique id for the element within a resource (for internal references). This may be any string value that does not contain spaces.","","","","","","","","","",,,,,"",,,,"Element.id",0,1,"",""
"no-basis-postponementreason","Extension.extension","Extension.extension","","","",0,0,"","","","Extension {[]} {[]}
","Extension","An Extension","","","","","","","","","",,,,,"","value:url}
","Extensions are always sliced by (at least) url",,"open","Element.extension",0,*,"","ele-1:All FHIR elements must have a @value or children {hasValue() or (children().count() > id.count())}
ext-1:Must have either extensions or value[x], not both {extension.exists() != value.exists()}"
"no-basis-postponementreason","Extension.url","Extension.url","","","",1,1,"","","","uri {[]} {[]}
","identifies the meaning of the extension","Source of the definition for the extension code - a logical name or a URL.","The definition may point directly to a computable or human-readable definition of the extensibility codes, or it may be a logical URI as declared in some other specification. The definition SHALL be a URI for the Structure Definition defining the extension.","","","","<valueUri xmlns=""http://hl7.org/fhir"" value=""https://hl7.no/fhir/structuredefinition/no-basis-appointment/no-basis-postponementreason""/>","","","","",,,,,"",,,,"Extension.url",1,1,"",""
"no-basis-postponementreason","Extension.value[x]","Extension.value[x]","","","",0,1,"","","","code {[]} {[]}
","The reason for postponing the appointment","The reason for postponing the appointment","","","","","","","","","",,"preferred","Volven","urn:oid:2.16.578.1.12.4.1.1.8446","",,,,"Extension.value[x]",0,1,"","ele-1:All FHIR elements must have a @value or children {hasValue() or (children().count() > id.count())}
"
"no-basis-virtual-service","Extension","Extension","","","",0,*,"","","","null {[]} {[]}
","Virtual Service ","The VirtualService structure defines details of a virtual communication capability, such as a web conference call.","","","","","","","","","",,,,,"",,,,"Extension",0,*,"ele-1
",""
"no-basis-virtual-service","Extension.id","Extension.id","","","",0,1,"","","","id {[]} {[]}
","Unique id for inter-element referencing","Unique id for the element within a resource (for internal references). This may be any string value that does not contain spaces.","","","","","","","","","",,,,,"",,,,"Element.id",0,1,"",""
"no-basis-virtual-service","Extension.extension","Extension.extension","","extensions
user content","",0,*,"","","","Extension {[]} {[]}
","Additional content defined by implementations","May be used to represent additional information that is not part of the basic definition of the element. To make the use of extensions safe and manageable, there is a strict set of governance  applied to the definition and use of extensions. Though any implementer can define an extension, there is a set of requirements that SHALL be met as part of the definition of the extension.","There can be no stigma associated with the use of extensions by any application, project, or standard - regardless of the institution or jurisdiction that uses or defines the extensions.  The use of extensions is what allows the FHIR specification to retain a core level of simplicity for everyone.","","","","","","","","",,,,,"","value:url}
","Extensions are always sliced by (at least) url",,"open","Element.extension",0,*,"","ele-1:All FHIR elements must have a @value or children {hasValue() or (children().count() > id.count())}
ext-1:Must have either extensions or value[x], not both {extension.exists() != value.exists()}"
"no-basis-virtual-service","Extension.extension:channelType","Extension.extension","channelType","","",0,1,"","","","Extension {[]} {[]}
","Channel Type","The type of virtual service to connect to.","","","","","","","","","",,,,,"",,,,"Element.extension",0,*,"","ele-1:All FHIR elements must have a @value or children {hasValue() or (children().count() > id.count())}
ext-1:Must have either extensions or value[x], not both {extension.exists() != value.exists()}"
"no-basis-virtual-service","Extension.extension:channelType.id","Extension.extension.id","","","",0,1,"","","","id {[]} {[]}
","Unique id for inter-element referencing","Unique id for the element within a resource (for internal references). This may be any string value that does not contain spaces.","","","","","","","","","",,,,,"",,,,"Element.id",0,1,"",""
"no-basis-virtual-service","Extension.extension:channelType.extension","Extension.extension.extension","","","",0,0,"","","","Extension {[]} {[]}
","Extension","An Extension","","","","","","","","","",,,,,"","value:url}
","Extensions are always sliced by (at least) url",,"open","Element.extension",0,*,"","ele-1:All FHIR elements must have a @value or children {hasValue() or (children().count() > id.count())}
ext-1:Must have either extensions or value[x], not both {extension.exists() != value.exists()}"
"no-basis-virtual-service","Extension.extension:channelType.url","Extension.extension.url","","","",1,1,"","","","uri {[]} {[]}
","identifies the meaning of the extension","Source of the definition for the extension code - a logical name or a URL.","The definition may point directly to a computable or human-readable definition of the extensibility codes, or it may be a logical URI as declared in some other specification. The definition SHALL be a URI for the Structure Definition defining the extension.","","","","<valueUri xmlns=""http://hl7.org/fhir"" value=""channelType""/>","","","","",,,,,"",,,,"Extension.url",1,1,"",""
"no-basis-virtual-service","Extension.extension:channelType.value[x]","Extension.extension.value[x]","","","",0,1,"","","","Coding {[]} {[]}
","Value of extension","Value of extension - must be one of a constrained set of the data types (see [Extensibility](http://hl7.org/fhir/R4B/extensibility.html) for a list).","","","","","","","","","",,"example","","http://example.org/ValueSet/no-basis-virtual-service-type-vs","",,,,"Extension.value[x]",0,1,"","ele-1:All FHIR elements must have a @value or children {hasValue() or (children().count() > id.count())}
"
"no-basis-virtual-service","Extension.extension:virtualAddress","Extension.extension","virtualAddress","","",0,1,"","","","Extension {[]} {[]}
","Contact address/number","What address or number needs to be used for a user to connect to the virtual service to join. ","","","","","","","","","",,,,,"",,,,"Element.extension",0,*,"","ele-1:All FHIR elements must have a @value or children {hasValue() or (children().count() > id.count())}
ext-1:Must have either extensions or value[x], not both {extension.exists() != value.exists()}"
"no-basis-virtual-service","Extension.extension:virtualAddress.id","Extension.extension.id","","","",0,1,"","","","id {[]} {[]}
","Unique id for inter-element referencing","Unique id for the element within a resource (for internal references). This may be any string value that does not contain spaces.","","","","","","","","","",,,,,"",,,,"Element.id",0,1,"",""
"no-basis-virtual-service","Extension.extension:virtualAddress.extension","Extension.extension.extension","","","",0,0,"","","","Extension {[]} {[]}
","Extension","An Extension","","","","","","","","","",,,,,"","value:url}
","Extensions are always sliced by (at least) url",,"open","Element.extension",0,*,"","ele-1:All FHIR elements must have a @value or children {hasValue() or (children().count() > id.count())}
ext-1:Must have either extensions or value[x], not both {extension.exists() != value.exists()}"
"no-basis-virtual-service","Extension.extension:virtualAddress.url","Extension.extension.url","","","",1,1,"","","","uri {[]} {[]}
","identifies the meaning of the extension","Source of the definition for the extension code - a logical name or a URL.","The definition may point directly to a computable or human-readable definition of the extensibility codes, or it may be a logical URI as declared in some other specification. The definition SHALL be a URI for the Structure Definition defining the extension.","","","","<valueUri xmlns=""http://hl7.org/fhir"" value=""virtualAddress""/>","","","","",,,,,"",,,,"Extension.url",1,1,"",""
"no-basis-virtual-service","Extension.extension:virtualAddress.value[x]","Extension.extension.value[x]","","","",0,1,"","","","string {[]} {[]}
url {[]} {[]}ContactPoint {[]} {[]}","Value of extension","Value of extension - must be one of a constrained set of the data types (see [Extensibility](http://hl7.org/fhir/R4B/extensibility.html) for a list).","","","","","","","","","",,,,,"",,,,"Extension.value[x]",0,1,"","ele-1:All FHIR elements must have a @value or children {hasValue() or (children().count() > id.count())}
"
"no-basis-virtual-service","Extension.extension:additionalInfo","Extension.extension","additionalInfo","","",0,*,"","","","Extension {[]} {[]}
","Address to see alternative connection details","Address to see alternative connection details. ","","","","","","","","","",,,,,"",,,,"Element.extension",0,*,"","ele-1:All FHIR elements must have a @value or children {hasValue() or (children().count() > id.count())}
ext-1:Must have either extensions or value[x], not both {extension.exists() != value.exists()}"
"no-basis-virtual-service","Extension.extension:additionalInfo.id","Extension.extension.id","","","",0,1,"","","","id {[]} {[]}
","Unique id for inter-element referencing","Unique id for the element within a resource (for internal references). This may be any string value that does not contain spaces.","","","","","","","","","",,,,,"",,,,"Element.id",0,1,"",""
"no-basis-virtual-service","Extension.extension:additionalInfo.extension","Extension.extension.extension","","","",0,0,"","","","Extension {[]} {[]}
","Extension","An Extension","","","","","","","","","",,,,,"","value:url}
","Extensions are always sliced by (at least) url",,"open","Element.extension",0,*,"","ele-1:All FHIR elements must have a @value or children {hasValue() or (children().count() > id.count())}
ext-1:Must have either extensions or value[x], not both {extension.exists() != value.exists()}"
"no-basis-virtual-service","Extension.extension:additionalInfo.url","Extension.extension.url","","","",1,1,"","","","uri {[]} {[]}
","identifies the meaning of the extension","Source of the definition for the extension code - a logical name or a URL.","The definition may point directly to a computable or human-readable definition of the extensibility codes, or it may be a logical URI as declared in some other specification. The definition SHALL be a URI for the Structure Definition defining the extension.","","","","<valueUri xmlns=""http://hl7.org/fhir"" value=""additionalInfo""/>","","","","",,,,,"",,,,"Extension.url",1,1,"",""
"no-basis-virtual-service","Extension.extension:additionalInfo.value[x]","Extension.extension.value[x]","","","",0,1,"","","","url {[]} {[]}
","Value of extension","Value of extension - must be one of a constrained set of the data types (see [Extensibility](http://hl7.org/fhir/R4B/extensibility.html) for a list).","","","","","","","","","",,,,,"",,,,"Extension.value[x]",0,1,"","ele-1:All FHIR elements must have a @value or children {hasValue() or (children().count() > id.count())}
"
"no-basis-virtual-service","Extension.extension:maxPartisipants","Extension.extension","maxPartisipants","","",0,1,"","","","Extension {[]} {[]}
","Maximum number of participants supported by the virtual service.","Maximum number of participants supported by the virtual service. ","","","","","","","","","",,,,,"",,,,"Element.extension",0,*,"","ele-1:All FHIR elements must have a @value or children {hasValue() or (children().count() > id.count())}
ext-1:Must have either extensions or value[x], not both {extension.exists() != value.exists()}"
"no-basis-virtual-service","Extension.extension:maxPartisipants.id","Extension.extension.id","","","",0,1,"","","","id {[]} {[]}
","Unique id for inter-element referencing","Unique id for the element within a resource (for internal references). This may be any string value that does not contain spaces.","","","","","","","","","",,,,,"",,,,"Element.id",0,1,"",""
"no-basis-virtual-service","Extension.extension:maxPartisipants.extension","Extension.extension.extension","","","",0,0,"","","","Extension {[]} {[]}
","Extension","An Extension","","","","","","","","","",,,,,"","value:url}
","Extensions are always sliced by (at least) url",,"open","Element.extension",0,*,"","ele-1:All FHIR elements must have a @value or children {hasValue() or (children().count() > id.count())}
ext-1:Must have either extensions or value[x], not both {extension.exists() != value.exists()}"
"no-basis-virtual-service","Extension.extension:maxPartisipants.url","Extension.extension.url","","","",1,1,"","","","uri {[]} {[]}
","identifies the meaning of the extension","Source of the definition for the extension code - a logical name or a URL.","The definition may point directly to a computable or human-readable definition of the extensibility codes, or it may be a logical URI as declared in some other specification. The definition SHALL be a URI for the Structure Definition defining the extension.","","","","<valueUri xmlns=""http://hl7.org/fhir"" value=""maxPartisipants""/>","","","","",,,,,"",,,,"Extension.url",1,1,"",""
"no-basis-virtual-service","Extension.extension:maxPartisipants.value[x]","Extension.extension.value[x]","","","",0,1,"","","","positiveInt {[]} {[]}
","Value of extension","Value of extension - must be one of a constrained set of the data types (see [Extensibility](http://hl7.org/fhir/R4B/extensibility.html) for a list).","","","","","","","","","",,,,,"",,,,"Extension.value[x]",0,1,"","ele-1:All FHIR elements must have a @value or children {hasValue() or (children().count() > id.count())}
"
"no-basis-virtual-service","Extension.extension:sessionKey","Extension.extension","sessionKey","","",0,1,"","","","Extension {[]} {[]}
","Session Key required by the virtual service","Session Key required by the virtual service. ","","","","","","","","","",,,,,"",,,,"Element.extension",0,*,"","ele-1:All FHIR elements must have a @value or children {hasValue() or (children().count() > id.count())}
ext-1:Must have either extensions or value[x], not both {extension.exists() != value.exists()}"
"no-basis-virtual-service","Extension.extension:sessionKey.id","Extension.extension.id","","","",0,1,"","","","id {[]} {[]}
","Unique id for inter-element referencing","Unique id for the element within a resource (for internal references). This may be any string value that does not contain spaces.","","","","","","","","","",,,,,"",,,,"Element.id",0,1,"",""
"no-basis-virtual-service","Extension.extension:sessionKey.extension","Extension.extension.extension","","","",0,0,"","","","Extension {[]} {[]}
","Extension","An Extension","","","","","","","","","",,,,,"","value:url}
","Extensions are always sliced by (at least) url",,"open","Element.extension",0,*,"","ele-1:All FHIR elements must have a @value or children {hasValue() or (children().count() > id.count())}
ext-1:Must have either extensions or value[x], not both {extension.exists() != value.exists()}"
"no-basis-virtual-service","Extension.extension:sessionKey.url","Extension.extension.url","","","",1,1,"","","","uri {[]} {[]}
","identifies the meaning of the extension","Source of the definition for the extension code - a logical name or a URL.","The definition may point directly to a computable or human-readable definition of the extensibility codes, or it may be a logical URI as declared in some other specification. The definition SHALL be a URI for the Structure Definition defining the extension.","","","","<valueUri xmlns=""http://hl7.org/fhir"" value=""sessionKey""/>","","","","",,,,,"",,,,"Extension.url",1,1,"",""
"no-basis-virtual-service","Extension.extension:sessionKey.value[x]","Extension.extension.value[x]","","","",0,1,"","","","string {[]} {[]}
","Value of extension","Value of extension - must be one of a constrained set of the data types (see [Extensibility](http://hl7.org/fhir/R4B/extensibility.html) for a list).","","","","","","","","","",,,,,"",,,,"Extension.value[x]",0,1,"","ele-1:All FHIR elements must have a @value or children {hasValue() or (children().count() > id.count())}
"
"no-basis-virtual-service","Extension.url","Extension.url","","","",1,1,"","","","uri {[]} {[]}
","identifies the meaning of the extension","Source of the definition for the extension code - a logical name or a URL.","The definition may point directly to a computable or human-readable definition of the extensibility codes, or it may be a logical URI as declared in some other specification. The definition SHALL be a URI for the Structure Definition defining the extension.","","","","<valueUri xmlns=""http://hl7.org/fhir"" value=""http://example.org/StructureDefinition/no-basis-appointment/no-basis-virtualservice""/>","","","","",,,,,"",,,,"Extension.url",1,1,"",""
"no-basis-virtual-service","Extension.value[x]","Extension.value[x]","","","",0,0,"","","","base64Binary {[]} {[]}
boolean {[]} {[]}canonical {[]} {[]}code {[]} {[]}date {[]} {[]}dateTime {[]} {[]}decimal {[]} {[]}id {[]} {[]}instant {[]} {[]}integer {[]} {[]}markdown {[]} {[]}oid {[]} {[]}positiveInt {[]} {[]}string {[]} {[]}time {[]} {[]}unsignedInt {[]} {[]}uri {[]} {[]}url {[]} {[]}uuid {[]} {[]}Address {[]} {[]}Age {[]} {[]}Annotation {[]} {[]}Attachment {[]} {[]}CodeableConcept {[]} {[]}CodeableReference {[]} {[]}Coding {[]} {[]}ContactPoint {[]} {[]}Count {[]} {[]}Distance {[]} {[]}Duration {[]} {[]}HumanName {[]} {[]}Identifier {[]} {[]}Money {[]} {[]}Period {[]} {[]}Quantity {[]} {[]}Range {[]} {[]}Ratio {[]} {[]}RatioRange {[]} {[]}Reference {[]} {[]}SampledData {[]} {[]}Signature {[]} {[]}Timing {[]} {[]}ContactDetail {[]} {[]}Contributor {[]} {[]}DataRequirement {[]} {[]}Expression {[]} {[]}ParameterDefinition {[]} {[]}RelatedArtifact {[]} {[]}TriggerDefinition {[]} {[]}UsageContext {[]} {[]}Dosage {[]} {[]}","Value of extension","Value of extension - must be one of a constrained set of the data types (see [Extensibility](http://hl7.org/fhir/R4B/extensibility.html) for a list).","","","","","","","","","",,,,,"",,,,"Extension.value[x]",0,1,"","ele-1:All FHIR elements must have a @value or children {hasValue() or (children().count() > id.count())}
"
