<?xml version="1.0" encoding="UTF-8"?><ValueSet xmlns="http://hl7.org/fhir"><id value="no-basis-virtual-service-type-vs"/><text><status value="generated"/><div xmlns="http://www.w3.org/1999/xhtml"><p>This value set includes codes based on the following rules:</p><ul><li>Include all codes defined in <code>http://hl7.org/fhir/virtual-service-type</code></li><li>Include all codes defined in <code>http://hl7.org/fhir/ValueSet/contact-point-system</code></li></ul></div></text><url value="http://example.org/ValueSet/no-basis-virtual-service-type-vs"/><version value="0.1.0"/><name value="NoBasisVirtualServiceTypeVS"/><title value="No Basis VirtualServiceType Value Set"/><status value="active"/><date value="2023-04-10T23:57:59+02:00"/><publisher value="Example Publisher"/><contact><name value="Example Publisher"/><telecom><system value="url"/><value value="http://example.org/example-publisher"/></telecom></contact><description value="Example codes for possible virtual service connection types."/><compose><include><system value="http://hl7.org/fhir/virtual-service-type"/></include><include><system value="http://hl7.org/fhir/ValueSet/contact-point-system"/></include></compose></ValueSet>