{
  "resourceType": "AppointmentResponse",
  "id": "AppointmentResponseExample",
  "meta": {
    "profile": [
      "http://example.org/StructureDefinition/hn-CiticenPortal-AppointmentResponse"
    ]
  },
  "text": {
    "status": "generated",
    "div": "<div xmlns=\"http://www.w3.org/1999/xhtml\"><p><b>Generated Narrative: AppointmentResponse</b><a name=\"AppointmentResponseExample\"> </a></p><div style=\"display: inline-block; background-color: #d9e0e7; padding: 6px; margin: 4px; border: 1px solid #8da1b4; border-radius: 5px; line-height: 60%\"><p style=\"margin-bottom: 0px\">Resource AppointmentResponse &quot;AppointmentResponseExample&quot; </p><p style=\"margin-bottom: 0px\">Profile: <a href=\"StructureDefinition-hn-CiticenPortal-AppointmentResponse.html\">hn-CiticenPortal-AppointmentResponse</a></p></div><p><b>identifier</b>: id: 15-3fb9c0f4-1d9b-44b6-8d64-d36820115274, id: Opus</p><p><b>appointment</b>: <span/></p><p><b>actor</b>: <span/></p><p><b>participantStatus</b>: accepted</p></div>"
  },
  "identifier": [
    {
      "system": "http://ehelse.no/fhir/CodeSystem/no-citizenportal-sourceystem",
      "value": "15-3fb9c0f4-1d9b-44b6-8d64-d36820115274"
    },
    {
      "system": "http://ehelse.no/fhir/CodeSystem/no-citizenportal-client",
      "value": "Opus"
    }
  ],
  "appointment": {
    "identifier": {
      "system": "http://ehelse.no/fhir/CodeSystem/no-citizenportal-sourcesystem",
      "value": "3546c8f7-3cd3-4693-929e-66501642504c"
    }
  },
  "actor": {
    "identifier": {
      "system": "urn:oid:2.16.578.1.12.4.1.4.1",
      "value": "13116900216"
    }
  },
  "participantStatus": "accepted"
}