[
  {
    "id": "my.id",
    "type": "ImplementationGuide",
    "url": "http://example.org/ImplementationGuide/my.id",
    "version": "0.1.0",
    "name": "myproject"
  },
  {
    "id": "hn-CiticenPortal-AppointmentResponse",
    "type": "StructureDefinition",
    "url": "http://example.org/StructureDefinition/hn-CiticenPortal-AppointmentResponse",
    "version": "0.1.0",
    "name": "HnCiticenPortalAppointmentResponse"
  },
  {
    "id": "no-basis-AppointmentResponse",
    "type": "StructureDefinition",
    "url": "http://example.org/StructureDefinition/no-basis-AppointmentResponse",
    "version": "0.1.0",
    "name": "NoBasisAppointmentResponse"
  },
  {
    "id": "hn-CiticenPortal-ActorIdentiferType-VS",
    "type": "ValueSet",
    "url": "http://example.org/ValueSet/hn-CiticenPortal-ActorIdentiferType-VS",
    "version": "0.1.0",
    "name": "HnCiticenPortalActorIdentifierTypeVS"
  },
  {
    "id": "no-basis-shortnotice",
    "type": "StructureDefinition",
    "url": "http://hl7.no/fhir/structuredefinition/no-basis-appointmentresponse/no-basis-shortnotice",
    "version": "0.1.0",
    "name": "NoBasisShortNotice"
  }
]