<?xml version="1.0" encoding="UTF-8"?>

<ValueSet xmlns="http://hl7.org/fhir">
  <id value="hn-CiticenPortal-ActorIdentiferType-VS"/>
  <text>
    <status value="generated"/><div xmlns="http://www.w3.org/1999/xhtml"><ul><li>Include these codes as defined in <code>https://volven.no/produkt.asp?id=489319&amp;catID=3&amp;subID=8</code><table class="none"><tr><td style="white-space:nowrap"><b>Code</b></td><td><b>Display</b></td></tr><tr><td>DNR</td><td/></tr><tr><td>FNR</td><td/></tr></table></li></ul></div>
  </text>
  <url value="http://example.org/ValueSet/hn-CiticenPortal-ActorIdentiferType-VS"/>
  <version value="0.1.0"/>
  <name value="HnCiticenPortalActorIdentifierTypeVS"/>
  <title value="Subset of codes from Volven 8268 Type identifikator"/>
  <status value="active"/>
  <date value="2022-12-06T11:05:30+01:00"/>
  <publisher value="Example Publisher"/>
  <contact>
    <name value="Example Publisher"/>
    <telecom>
      <system value="url"/>
      <value value="http://example.org/example-publisher"/>
    </telecom>
  </contact>
  <description value="The subset includes only fødselsnummer (FNR) and d-nummer (DNR)"/>
  <compose>
    <include>
      <system value="https://volven.no/produkt.asp?id=489319&amp;catID=3&amp;subID=8"/>
      <concept>
        <code value="DNR"/>
      </concept>
      <concept>
        <code value="FNR"/>
      </concept>
    </include>
  </compose>
</ValueSet>