{
  "resourceType": "ValueSet",
  "id": "hn-CiticenPortal-ActorIdentiferType-VS",
  "text": {
    "status": "generated",
    "div": "<div xmlns=\"http://www.w3.org/1999/xhtml\"><ul><li>Include these codes as defined in <code>https://volven.no/produkt.asp?id=489319&amp;catID=3&amp;subID=8</code><table class=\"none\"><tr><td style=\"white-space:nowrap\"><b>Code</b></td><td><b>Display</b></td></tr><tr><td>DNR</td><td/></tr><tr><td>FNR</td><td/></tr></table></li></ul></div>"
  },
  "url": "http://example.org/ValueSet/hn-CiticenPortal-ActorIdentiferType-VS",
  "version": "0.1.0",
  "name": "HnCiticenPortalActorIdentifierTypeVS",
  "title": "Subset of codes from Volven 8268 Type identifikator",
  "status": "active",
  "date": "2022-12-06T11:05:30+01:00",
  "publisher": "Example Publisher",
  "contact": [
    {
      "name": "Example Publisher",
      "telecom": [
        {
          "system": "url",
          "value": "http://example.org/example-publisher"
        }
      ]
    }
  ],
  "description": "The subset includes only fødselsnummer (FNR) and d-nummer (DNR)",
  "compose": {
    "include": [
      {
        "system": "https://volven.no/produkt.asp?id=489319&catID=3&subID=8",
        "concept": [
          {
            "code": "DNR"
          },
          {
            "code": "FNR"
          }
        ]
      }
    ]
  }
}