{"resourceType":"ValueSet","id":"no-basis-virtual-service-type-vs","text":{"status":"generated","div":"<div xmlns=\"http://www.w3.org/1999/xhtml\"><p>This value set includes codes based on the following rules:</p><ul><li>Include all codes defined in <code>http://hl7.org/fhir/virtual-service-type</code></li><li>Include all codes defined in <code>http://hl7.org/fhir/ValueSet/contact-point-system</code></li></ul></div>"},"url":"http://example.org/ValueSet/no-basis-virtual-service-type-vs","version":"0.1.0","name":"NoBasisVirtualServiceTypeVS","title":"No Basis VirtualServiceType Value Set","status":"active","date":"2023-04-10T23:57:59+02:00","publisher":"Example Publisher","contact":[{"name":"Example Publisher","telecom":[{"system":"url","value":"http://example.org/example-publisher"}]}],"description":"Example codes for possible virtual service connection types.","compose":{"include":[{"system":"http://hl7.org/fhir/virtual-service-type"},{"system":"http://hl7.org/fhir/ValueSet/contact-point-system"}]}}